<?xml version="1.0" encoding="UTF-8"?>
<project-private xmlns="http://www.netbeans.org/ns/project-private/1">
    <editor-bookmarks xmlns="http://www.netbeans.org/ns/editor-bookmarks/2" lastBookmarkId="1">
        <file>
            <url>web/index.jsp</url>
            <bookmark id="1">
                <name/>
                <line>17</line>
                <key/>
            </bookmark>
        </file>
    </editor-bookmarks>
    <open-files xmlns="http://www.netbeans.org/ns/projectui-open-files/2">
        <group>
            <file>file:/C:/Users/Student/Documents/NetBeansProjects/AcademicMonitoringSystem/src/java/controllers/CurriculumServlet.java</file>
            <file>file:/C:/Users/Student/Documents/NetBeansProjects/AcademicMonitoringSystem/src/java/dataAccessLayer/StudentProgressInfoDAO.java</file>
            <file>file:/C:/Users/Student/Documents/NetBeansProjects/AcademicMonitoringSystem/src/java/controllers/StudentMarksServlet.java</file>
            <file>file:/C:/Users/Student/Documents/NetBeansProjects/AcademicMonitoringSystem/web/manageMarks.jsp</file>
            <file>file:/C:/Users/Student/Documents/NetBeansProjects/AcademicMonitoringSystem/src/java/controllers/StudentProgressInfoServlet.java</file>
            <file>file:/C:/Users/Student/Documents/NetBeansProjects/AcademicMonitoringSystem/src/java/controllers/LecturerStudentsServlet.java</file>
        </group>
    </open-files>
</project-private>
